__label__1	anh chưa có tài khoản t24
__label__1	chưa có t24 thì làm sao đây boi?
__label__1	chưa có tk vào t24
__label__1	ê cu. cho xin user t24 cái coi?
__label__1	không đăng ký dc t24
__label__1	t24 cấp mới
__label__1	tình hình là tôi chưa có user t24
__label__1	tôi chưa có tài khoản t24
__label__1	vào đâu để đăng ký t24
__label__1	vào làm nh mà ko có t24, chỉ giúp vs
__label__1	tôi cần truy cập t24 trong hôm nay thì làm thế nào
__label__2	anh chị hướng dẫn giúp em cách cấp mới user t24 với ạ.
__label__2	cấp user t24 cho người mới
__label__2	cần những gì để được cấp user t24?
__label__2	cấp mới t24
__label__2	cấp mới t24 cho chị với
__label__2	cho hỏi thủ tục cấp t24 của cro ntn?
__label__2	đăng ký cho tôi cái tk t24
__label__2	đăng ký tài khoản t24 giùm tôi với
__label__2	để được cấp user t24 tôi phải làm những gì ?
__label__2	e cần cấp t24
__label__2	em muốn cấp t24 thì làm thế nào 
__label__2	em tên …., hiện đang thử việc tại pgd ….. kính đề nghị anh, chị cấp cho em tài khoản t24 để phục vụ công việc được thuận lợi.
__label__2	giờ không có t24, ko làm dc việc, cấp mới giúp phát
__label__2	hướng dẫn cấp user t24
__label__2	khởi tạo user t24 cho tôi
__label__2	kính nhờ trung tâm hỗ trợ mở user t24 cho cbnv mới.
__label__2	làm sao để có tài khoản t24
__label__2	làm sao để có user t24 ?
__label__2	làm sao để được cấp user t24
__label__2	làm thế nào có user t24 nhể bạn?
__label__2	làm thế nào để cấp user t24?
__label__2	mày biết cấp t24 kiểu gì không sasa?
__label__2	mình không có t24 cho hỏi bạn có cấp t24 không? 
__label__2	mình teller nhưng chưa có t24. xin cấp như nào bạn?
__label__2	mới vào seabank ko có t24 phải làm sao nhỉ chú em?
__label__2	muốn hạch toán trên t24 thì xin tài khoản ở đâu, cần gì, thủ tục ra sao
__label__2	nhân viên mới cần cấp user t24 
__label__2	nhân viên mới xin cấp t24 thì như thế nào?
__label__2	phòng khcn chi nhánh hải phòng xin cấp t24
__label__2	phòng khut chi nhánh ……….. kính nhờ quý phòng hỗ trợ cấp mới t24 
__label__2	t24 cấp mới thủ tục như nào mèng êy
__label__2	t24 được cấp mới kiểu gì?
__label__2	tạo cho a cái tài khoản t24
__label__2	tạo cho a cái tk t24
__label__2	tạo cho tôi 1 tài khoản t24 nhé
__label__2	tạo tài khoản t24 thì vào đâu?
__label__2	thủ tục cấp mới t24 như thế nào, cần làm những gì
__label__2	thủ tục cấp t24
__label__2	thủ tục cấp user t24
__label__2	thủ tục đăng ký tài khoản t24 gồm những bước nào?
__label__2	tôi cần cấp mới phần mềm core banking
__label__2	tôi cần cấp t24
__label__2	tôi cần hướng dẫn cấp user t24
__label__2	tôi chưa có user t24, nhờ it cấp user t24? 
__label__2	tôi đang cần cấp mới t24
__label__2	tôi muốn có user t24 thì làm những gì
__label__2	tôi muốn hỗ trợ cấp tài khoản t24?
__label__2	tôi vừa vào sea, không có t24, hướng dẫn giúp 
__label__2	điều kiện có user t24 là gì ?
__label__2	tạo user t24
__label__2	pgd tây hồ kính đề nghị khối cntt ho cấp user t24 cho cán bộ, nhân viên
__label__3	ai là người phê duyệt cấp user t24
__label__3	cấp có thẩm quyền xác nhận t24 là ai
__label__3	cấp mới t24 cần ai xác nhận
__label__3	cấp tài khoản t24 tôi cần xin xác nhận của ai?
__label__3	gđ pgd có xác nhận được mẫu biểu t24 không
__label__3	đơn vị tôi hiện tại chưa có gdcn, vậy tôi cần xin xác nhận từ cấp nào để xác nhận
__label__3	giám đốc pgd xác nhận cấp user t24 có được không
__label__3	nhân viên nhân sự tại cn được cấp t24 không và xác nhận của ai
__label__3	ở cn thì xác nhận của ai thì được cấp t24
__label__3	t ko muốn xin chữ kí của gđ cn, gđ pgd kí dc ko
__label__3	t24 mà cần có gđ chi nhánh kí à
__label__3	tôi có xác nhận bằng mail của giám đốc đơn vị rồi có đc cấp user t24 không
__label__3	tôi đăng ký t24, tôi làm việc tại pgd, tôi xin xác nhận từ gd pgd có được không
__label__3	tôi làm việc tai hội sở, vậy tôi xin xác nhận từ ai để cấp t24.
__label__3	xin cấp t24 cần xác nhận của ai ?
__label__3	cấp mới t24 cần ai xác nhận
__label__3	đơn vị tôi hiện tại chưa có gdcn, vậy tôi cần xin xác nhận từ cấp nào để xác nhận cấp t24
__label__4	user thử việc có được cấp mới tài khoản t24 không?
__label__4	hic, vừa học việc mà ko đc cấp t24 à
__label__4	học việc có được cấp t24 không
__label__4	tại sao user học việc lại không được cấp tài khoản t24?
__label__4	tôi là học việc seabank tôi có được cấp t24 hay không.
__label__4	em là nhân viên thử việc thì bao lâu sẽ được dùng t24
__label__4	vào bao lâu thì được cấp t24 
__label__5	biểu mẫu cấp t24 ở đâu? 
__label__5	cho xin đường dẫn lấy file cấp t24 đi cu.
__label__5	cho xin mẫu cấp t24 đi bạn hiền?
__label__5	hi tôi muốn xin biểu mẫu yêu cầu cấp tài khoản t24?
__label__5	mẫu biểu cấp t24
__label__5	nhờ các anh cung cấp mẫu đơn cấp t24
__label__5	nhờ it gửi biểu mẫu để được cấp t24 ? 
__label__5	tôi cần đường dẫn để có biểu mẫu cấp t24?
__label__5	tôi cần mẫu biểu cấp t24
__label__5	tôi vào thưc mục ổ p nhưng không tìm thấy giấy đề nghị cấp t24?
__label__6	đối tượng nào được cấp mới tài khoản t24?
__label__6	đối với chức danh gì thì sẽ được cấp t24?
__label__6	làm cro cần phải có user t24 không?
__label__6	những ai được cấp tài khoản t24
__label__6	tôi là lái xe thì có được cấp t24 không?
__label__7	đã gửi biểu mẫu cấp user t24 nhờ anh chị hỗ trợ? 
__label__8	t tưởng vừa vào sea là phải mặc định dc t24 chứ, cần hướng dẫn gấp
__label__8	nhân viên seabank có được mặc định cấp user t24 không
__label__9	cấp user hạch toán cho gdv nguyen thi hai anh theo hồ sơ đính kèm
__label__9	it support hỗ trợ cấp user t24 theo đề nghị đính kèm.
__label__10	tại sao tôi chưa có user t24
__label__10	tôi là nhân viên mới, hiện muốn đăng nhập t24 thì làm như thế nào?
__label__10	cấp t24 cần chính chủ gửi mail hay nhờ nhân sự tại cn gửi 
__label__10	e muốn cấp t24, way4
__label__10	hướng dẫn điền mẫu biểu cấp t24
__label__10	phải cấp mới t24 thì mới làm được việc ah?
__label__10	tài khoản t24 và máy tính có chung nhau không, hay cấp riêng
__label__10	hôm trước em có gửi mail về việc cấp user t24 nhưng do bị thiếu chữ ký trên đơn đề nghị, nay em bổ sung bản đầy đủ 
